[
  {
    "name": "组织建设",
    "icon": "bars",
    "expand": true,
    "children": [
      {
        "selected": true,
        "routerLink": "/index/union/member",
        "name": "会员管理"
      },
      {
        "routerLink": "/index/union/description",
        "name": "组织概述"
      },
      {
        "name": "工会管理",
        "children": [
          {
            "routerLink": "/index/union/certificate",
            "name": "工会法人证管理"
          }
        ]
      }
    ]
  },
  {
    "name": "工会职能",
    "icon": "bars",
    "children": [
      {
        "name": "日常运作",
        "children": [
          {
            "routerLink": "/index/function/plan",
            "name": "工作计划"
          },
          {
             "routerLink": "/index/function/minute",
            "name": "会议记录"
          },
          {
             "routerLink": "/index/function/document",
            "name": "档案管理"
          },
          {
             "routerLink": "/index/function/file/download",
            "name": "相关文件下载"
          }
        ]
      },
      {
        "name": "活动管理",
        "children": [
          {
            "routerLink": "/index/function/display",
            "name": "数据展示"
          },
          {
             "routerLink": "/index/function/help",
            "name": "困难帮扶"
          },
          {
             "routerLink": "/index/function/activity",
            "name": "工会活动"
          }
        ]
      },
      {
        "routerLink": "/index/function/commendation",
        "name": "表彰先进"
      },
      {
        "routerLink": "/index/function/policy",
        "name": "政策法规"
      },
      {
        "routerLink": "/index/function/right",
        "name": "权益维护"
      },
      {
        "routerLink": "/index/function/training",
        "name": "职工培训"
      }
    ]
  },
  {
    "name": "财务资产管理",
    "icon": "bars",
    "children": [
      {
        "routerLink": "/index/finance/display",
        "name": "数据展示"
      },
      {
        "routerLink": "/index/finance/managment",
        "name": "财务管理"
      }
    ]
  },
  {
    "name": "信息传递",
    "icon": "bars",
    "children": [
      {
        "routerLink": "/index/transation/document",
        "name": "公文流转"
      },
      {
        "routerLink": "/index/transation/notice",
        "name": "通知公告"
      },
      {
        "routerLink": "/index/transation/task",
        "name": "督办"
      }
    ]
  },
  {
    "name": "图书管理",
    "icon": "bars",
    "children": [
      {
        "routerLink": "/index/book",
        "name": "书籍借阅"
      },
      {
        "routerLink": "/index/book/management",
        "name": "借阅管理"
      }
    ]
  },
  {
    "name": "学习园地",
    "icon": "bars",
    "children": [
      {
        "routerLink": "/index/posts",
        "name": "帖子管理"
      }
    ]
  },
  {
    "name": "系统管理",
    "icon": "bars",
    "children": [
      {
        "routerLink": "/index/system/user",
        "name": "用户管理"
      },
      {
        "routerLink": "/index/system/permission",
        "name": "权限管理"
      },
      {
        "routerLink": "/index/system/log/login",
        "name": "登录日志"
      },
      {
        "routerLink": "/index/system/log/operate",
        "name": "操作日志"
      }
    ]
  }
]
